[{"model": "contenttypes.contenttype", "pk": 1, "fields": {"app_label": "admin", "model": "logentry"}}, {"model": "contenttypes.contenttype", "pk": 2, "fields": {"app_label": "auth", "model": "permission"}}, {"model": "contenttypes.contenttype", "pk": 3, "fields": {"app_label": "auth", "model": "group"}}, {"model": "contenttypes.contenttype", "pk": 4, "fields": {"app_label": "auth", "model": "user"}}, {"model": "contenttypes.contenttype", "pk": 5, "fields": {"app_label": "contenttypes", "model": "contenttype"}}, {"model": "contenttypes.contenttype", "pk": 6, "fields": {"app_label": "sessions", "model": "session"}}, {"model": "contenttypes.contenttype", "pk": 7, "fields": {"app_label": "blog", "model": "blog"}}, {"model": "contenttypes.contenttype", "pk": 8, "fields": {"app_label": "blog", "model": "blogtype"}}, {"model": "contenttypes.contenttype", "pk": 9, "fields": {"app_label": "blog", "model": "readnum"}}, {"model": "contenttypes.contenttype", "pk": 10, "fields": {"app_label": "read_statistics", "model": "readnum"}}, {"model": "contenttypes.contenttype", "pk": 11, "fields": {"app_label": "read_statistics", "model": "readdetail"}}, {"model": "contenttypes.contenttype", "pk": 12, "fields": {"app_label": "comment", "model": "comment"}}, {"model": "contenttypes.contenttype", "pk": 13, "fields": {"app_label": "likes", "model": "likerecord"}}, {"model": "contenttypes.contenttype", "pk": 14, "fields": {"app_label": "likes", "model": "likecount"}}, {"model": "contenttypes.contenttype", "pk": 15, "fields": {"app_label": "user", "model": "profile"}}, {"model": "sessions.session", "pk": "00cwzb1zwab7t0ho6s8s3qyagxya58n1", "fields": {"session_data": "ZTNkYWZhNDljMWZjM2U2YTkxNTk3MmU4NGZhNjRiNGJlNGIzOTIzZDp7Il9hdXRoX3VzZXJfaWQiOiIxIiwiX2F1dGhfdXNlcl9iYWNrZW5kIjoiZGphbmdvLmNvbnRyaWIuYXV0aC5iYWNrZW5kcy5Nb2RlbEJhY2tlbmQiLCJfYXV0aF91c2VyX2hhc2giOiJhNmFiMDlkZTczYzZiZGIwYjZjZDAzNGEwYWFhNjkzMzJhOTNiYTQ1In0=", "expire_date": "2019-04-29T14:03:38.593Z"}}, {"model": "sessions.session", "pk": "29ye0wadduajw5zhw7ptrofrr58m6urn", "fields": {"session_data": "ZTNkYWZhNDljMWZjM2U2YTkxNTk3MmU4NGZhNjRiNGJlNGIzOTIzZDp7Il9hdXRoX3VzZXJfaWQiOiIxIiwiX2F1dGhfdXNlcl9iYWNrZW5kIjoiZGphbmdvLmNvbnRyaWIuYXV0aC5iYWNrZW5kcy5Nb2RlbEJhY2tlbmQiLCJfYXV0aF91c2VyX2hhc2giOiJhNmFiMDlkZTczYzZiZGIwYjZjZDAzNGEwYWFhNjkzMzJhOTNiYTQ1In0=", "expire_date": "2019-04-27T06:21:43.175Z"}}, {"model": "sessions.session", "pk": "5y1xpk41nurwculea0s156y41h961ixi", "fields": {"session_data": "YjJlOGQzODA3MTI5NmEzNDI3OWNhYmQ4OGJjNTkzMWNmMDg1OGUxODp7fQ==", "expire_date": "2019-05-03T08:04:20.789Z"}}, {"model": "sessions.session", "pk": "6ls2ki14l9zi9ft3zkmgbzmfi94dms7t", "fields": {"session_data": "YjJlOGQzODA3MTI5NmEzNDI3OWNhYmQ4OGJjNTkzMWNmMDg1OGUxODp7fQ==", "expire_date": "2019-05-03T08:17:12.398Z"}}, {"model": "sessions.session", "pk": "cafkwc9kbftosos1pk7ehhox2vraimw7", "fields": {"session_data": "YjJlOGQzODA3MTI5NmEzNDI3OWNhYmQ4OGJjNTkzMWNmMDg1OGUxODp7fQ==", "expire_date": "2019-05-03T08:05:24.231Z"}}, {"model": "sessions.session", "pk": "eura5l7yw13cppc3tt98y3d2uyhgtopi", "fields": {"session_data": "YjJlOGQzODA3MTI5NmEzNDI3OWNhYmQ4OGJjNTkzMWNmMDg1OGUxODp7fQ==", "expire_date": "2019-05-03T08:04:30.306Z"}}, {"model": "sessions.session", "pk": "hiuyq9xjn2tggu0lw80mutixacaescmo", "fields": {"session_data": "YjJlOGQzODA3MTI5NmEzNDI3OWNhYmQ4OGJjNTkzMWNmMDg1OGUxODp7fQ==", "expire_date": "2019-05-03T08:04:45.731Z"}}, {"model": "sessions.session", "pk": "hqiwwsl4yhrscppkej02ngydyzelzgco", "fields": {"session_data": "YjJlOGQzODA3MTI5NmEzNDI3OWNhYmQ4OGJjNTkzMWNmMDg1OGUxODp7fQ==", "expire_date": "2019-05-03T08:16:14.011Z"}}, {"model": "sessions.session", "pk": "hry06mevkisjyb0jwjm4ov5vlep6d5ru", "fields": {"session_data": "YjJlOGQzODA3MTI5NmEzNDI3OWNhYmQ4OGJjNTkzMWNmMDg1OGUxODp7fQ==", "expire_date": "2019-05-13T01:35:48.626Z"}}, {"model": "sessions.session", "pk": "lk3o4o46pt6q2e1pmwvyz0jha4olculw", "fields": {"session_data": "ZTNkYWZhNDljMWZjM2U2YTkxNTk3MmU4NGZhNjRiNGJlNGIzOTIzZDp7Il9hdXRoX3VzZXJfaWQiOiIxIiwiX2F1dGhfdXNlcl9iYWNrZW5kIjoiZGphbmdvLmNvbnRyaWIuYXV0aC5iYWNrZW5kcy5Nb2RlbEJhY2tlbmQiLCJfYXV0aF91c2VyX2hhc2giOiJhNmFiMDlkZTczYzZiZGIwYjZjZDAzNGEwYWFhNjkzMzJhOTNiYTQ1In0=", "expire_date": "2019-05-03T08:19:44.734Z"}}, {"model": "sessions.session", "pk": "m6btqqohh106x0hvjz7m0wrkdox6klta", "fields": {"session_data": "YjJlOGQzODA3MTI5NmEzNDI3OWNhYmQ4OGJjNTkzMWNmMDg1OGUxODp7fQ==", "expire_date": "2019-05-03T08:16:07.171Z"}}, {"model": "sessions.session", "pk": "m9xuaac6j2mef9ysyaef6ne4ntqixiw8", "fields": {"session_data": "ZTNkYWZhNDljMWZjM2U2YTkxNTk3MmU4NGZhNjRiNGJlNGIzOTIzZDp7Il9hdXRoX3VzZXJfaWQiOiIxIiwiX2F1dGhfdXNlcl9iYWNrZW5kIjoiZGphbmdvLmNvbnRyaWIuYXV0aC5iYWNrZW5kcy5Nb2RlbEJhY2tlbmQiLCJfYXV0aF91c2VyX2hhc2giOiJhNmFiMDlkZTczYzZiZGIwYjZjZDAzNGEwYWFhNjkzMzJhOTNiYTQ1In0=", "expire_date": "2019-05-02T14:08:58.537Z"}}, {"model": "sessions.session", "pk": "mn4rcz13bm743nzvnfegvia2mqc72jhy", "fields": {"session_data": "ZTNkYWZhNDljMWZjM2U2YTkxNTk3MmU4NGZhNjRiNGJlNGIzOTIzZDp7Il9hdXRoX3VzZXJfaWQiOiIxIiwiX2F1dGhfdXNlcl9iYWNrZW5kIjoiZGphbmdvLmNvbnRyaWIuYXV0aC5iYWNrZW5kcy5Nb2RlbEJhY2tlbmQiLCJfYXV0aF91c2VyX2hhc2giOiJhNmFiMDlkZTczYzZiZGIwYjZjZDAzNGEwYWFhNjkzMzJhOTNiYTQ1In0=", "expire_date": "2019-05-04T09:53:01.461Z"}}, {"model": "sessions.session", "pk": "nd9rdu6iuby4s8curqwkciica563a34g", "fields": {"session_data": "YjJlOGQzODA3MTI5NmEzNDI3OWNhYmQ4OGJjNTkzMWNmMDg1OGUxODp7fQ==", "expire_date": "2019-05-03T08:14:43.507Z"}}, {"model": "sessions.session", "pk": "oc68rvm17xx6914ym7m2rvnaf8fs7wbq", "fields": {"session_data": "YjJlOGQzODA3MTI5NmEzNDI3OWNhYmQ4OGJjNTkzMWNmMDg1OGUxODp7fQ==", "expire_date": "2019-05-03T08:03:29.062Z"}}, {"model": "sessions.session", "pk": "t0wvug1tltx28xg0tk3qodzavszpk6ry", "fields": {"session_data": "YjJlOGQzODA3MTI5NmEzNDI3OWNhYmQ4OGJjNTkzMWNmMDg1OGUxODp7fQ==", "expire_date": "2019-05-03T08:08:59.080Z"}}, {"model": "sessions.session", "pk": "uzydnfwex9vmct6ywfu93odkqw3dkm4j", "fields": {"session_data": "NmI5ZTVmMzljOTRkMTEwMWRhMjVjMmU3MzBkYzNjODNiZTQ2OWViNDp7Il9hdXRoX3VzZXJfaWQiOiIxIiwiX2F1dGhfdXNlcl9iYWNrZW5kIjoiZGphbmdvLmNvbnRyaWIuYXV0aC5iYWNrZW5kcy5Nb2RlbEJhY2tlbmQiLCJfYXV0aF91c2VyX2hhc2giOiJhNmFiMDlkZTczYzZiZGIwYjZjZDAzNGEwYWFhNjkzMzJhOTNiYTQ1IiwiYmluZ19lbWFpbF9jb2RlIjoib3hYWSIsInNlbmRfY29kZV90aW1lIjoxNTU2NTIyNTk4fQ==", "expire_date": "2019-05-13T07:23:33.449Z"}}, {"model": "sessions.session", "pk": "y1g9fr4ygpicsfssd5h1irpqbhntwvuj", "fields": {"session_data": "YjJlOGQzODA3MTI5NmEzNDI3OWNhYmQ4OGJjNTkzMWNmMDg1OGUxODp7fQ==", "expire_date": "2019-05-03T08:13:59.302Z"}}, {"model": "sessions.session", "pk": "y422sxe61j6blzh6omfu8ue3e98qjldh", "fields": {"session_data": "ZTNkYWZhNDljMWZjM2U2YTkxNTk3MmU4NGZhNjRiNGJlNGIzOTIzZDp7Il9hdXRoX3VzZXJfaWQiOiIxIiwiX2F1dGhfdXNlcl9iYWNrZW5kIjoiZGphbmdvLmNvbnRyaWIuYXV0aC5iYWNrZW5kcy5Nb2RlbEJhY2tlbmQiLCJfYXV0aF91c2VyX2hhc2giOiJhNmFiMDlkZTczYzZiZGIwYjZjZDAzNGEwYWFhNjkzMzJhOTNiYTQ1In0=", "expire_date": "2019-05-03T09:21:04.695Z"}}, {"model": "blog.blogtype", "pk": 1, "fields": {"type_name": "django"}}, {"model": "blog.blogtype", "pk": 2, "fields": {"type_name": "python"}}, {"model": "blog.blogtype", "pk": 3, "fields": {"type_name": "\u968f\u7b14"}}, {"model": "read_statistics.readnum", "pk": 1, "fields": {"read_num": 21, "content_type": 7, "object_id": 34}}, {"model": "read_statistics.readnum", "pk": 2, "fields": {"read_num": 10, "content_type": 7, "object_id": 32}}, {"model": "read_statistics.readnum", "pk": 3, "fields": {"read_num": 15, "content_type": 7, "object_id": 33}}, {"model": "read_statistics.readnum", "pk": 4, "fields": {"read_num": 5, "content_type": 7, "object_id": 31}}, {"model": "read_statistics.readnum", "pk": 5, "fields": {"read_num": 2, "content_type": 7, "object_id": 29}}, {"model": "read_statistics.readnum", "pk": 6, "fields": {"read_num": 3, "content_type": 7, "object_id": 28}}, {"model": "read_statistics.readnum", "pk": 7, "fields": {"read_num": 3, "content_type": 7, "object_id": 26}}, {"model": "read_statistics.readnum", "pk": 8, "fields": {"read_num": 3, "content_type": 7, "object_id": 24}}, {"model": "read_statistics.readnum", "pk": 9, "fields": {"read_num": 3, "content_type": 7, "object_id": 23}}, {"model": "read_statistics.readnum", "pk": 10, "fields": {"read_num": 2, "content_type": 7, "object_id": 21}}, {"model": "read_statistics.readnum", "pk": 11, "fields": {"read_num": 1, "content_type": 7, "object_id": 19}}, {"model": "read_statistics.readnum", "pk": 12, "fields": {"read_num": 1, "content_type": 7, "object_id": 17}}, {"model": "read_statistics.readnum", "pk": 13, "fields": {"read_num": 1, "content_type": 7, "object_id": 16}}, {"model": "read_statistics.readnum", "pk": 14, "fields": {"read_num": 1, "content_type": 7, "object_id": 15}}, {"model": "read_statistics.readnum", "pk": 15, "fields": {"read_num": 1, "content_type": 7, "object_id": 13}}, {"model": "read_statistics.readnum", "pk": 16, "fields": {"read_num": 1, "content_type": 7, "object_id": 11}}, {"model": "read_statistics.readnum", "pk": 17, "fields": {"read_num": 1, "content_type": 7, "object_id": 10}}, {"model": "read_statistics.readnum", "pk": 18, "fields": {"read_num": 1, "content_type": 7, "object_id": 8}}, {"model": "read_statistics.readnum", "pk": 19, "fields": {"read_num": 1, "content_type": 7, "object_id": 7}}, {"model": "read_statistics.readnum", "pk": 20, "fields": {"read_num": 1, "content_type": 7, "object_id": 6}}, {"model": "read_statistics.readnum", "pk": 21, "fields": {"read_num": 1, "content_type": 7, "object_id": 5}}, {"model": "read_statistics.readnum", "pk": 22, "fields": {"read_num": 1, "content_type": 7, "object_id": 4}}, {"model": "read_statistics.readnum", "pk": 23, "fields": {"read_num": 1, "content_type": 7, "object_id": 3}}, {"model": "read_statistics.readnum", "pk": 24, "fields": {"read_num": 2, "content_type": 7, "object_id": 2}}, {"model": "read_statistics.readnum", "pk": 25, "fields": {"read_num": 2, "content_type": 7, "object_id": 1}}, {"model": "read_statistics.readnum", "pk": 26, "fields": {"read_num": 2, "content_type": 7, "object_id": 27}}, {"model": "read_statistics.readnum", "pk": 27, "fields": {"read_num": 1, "content_type": 7, "object_id": 25}}, {"model": "read_statistics.readdetail", "pk": 1, "fields": {"date": "2019-04-17", "read_num": 5, "content_type": 7, "object_id": 33}}, {"model": "read_statistics.readdetail", "pk": 2, "fields": {"date": "2019-04-18", "read_num": 3, "content_type": 7, "object_id": 32}}, {"model": "read_statistics.readdetail", "pk": 3, "fields": {"date": "2019-04-18", "read_num": 2, "content_type": 7, "object_id": 33}}, {"model": "read_statistics.readdetail", "pk": 4, "fields": {"date": "2019-04-18", "read_num": 3, "content_type": 7, "object_id": 34}}, {"model": "read_statistics.readdetail", "pk": 5, "fields": {"date": "2019-04-18", "read_num": 1, "content_type": 7, "object_id": 31}}, {"model": "read_statistics.readdetail", "pk": 6, "fields": {"date": "2019-04-18", "read_num": 1, "content_type": 7, "object_id": 27}}, {"model": "read_statistics.readdetail", "pk": 7, "fields": {"date": "2019-04-18", "read_num": 1, "content_type": 7, "object_id": 28}}, {"model": "read_statistics.readdetail", "pk": 8, "fields": {"date": "2019-04-18", "read_num": 1, "content_type": 7, "object_id": 26}}, {"model": "read_statistics.readdetail", "pk": 9, "fields": {"date": "2019-04-18", "read_num": 1, "content_type": 7, "object_id": 24}}, {"model": "read_statistics.readdetail", "pk": 10, "fields": {"date": "2019-04-18", "read_num": 1, "content_type": 7, "object_id": 23}}, {"model": "read_statistics.readdetail", "pk": 11, "fields": {"date": "2019-04-18", "read_num": 1, "content_type": 7, "object_id": 21}}, {"model": "read_statistics.readdetail", "pk": 12, "fields": {"date": "2019-04-15", "read_num": 3, "content_type": 7, "object_id": 25}}, {"model": "read_statistics.readdetail", "pk": 13, "fields": {"date": "2019-04-13", "read_num": 7, "content_type": 7, "object_id": 5}}, {"model": "read_statistics.readdetail", "pk": 14, "fields": {"date": "2019-04-19", "read_num": 3, "content_type": 7, "object_id": 32}}, {"model": "read_statistics.readdetail", "pk": 15, "fields": {"date": "2019-04-19", "read_num": 2, "content_type": 7, "object_id": 31}}, {"model": "read_statistics.readdetail", "pk": 16, "fields": {"date": "2019-04-19", "read_num": 2, "content_type": 7, "object_id": 34}}, {"model": "read_statistics.readdetail", "pk": 17, "fields": {"date": "2019-04-19", "read_num": 2, "content_type": 7, "object_id": 33}}, {"model": "read_statistics.readdetail", "pk": 18, "fields": {"date": "2019-04-19", "read_num": 1, "content_type": 7, "object_id": 1}}, {"model": "read_statistics.readdetail", "pk": 19, "fields": {"date": "2019-04-20", "read_num": 6, "content_type": 7, "object_id": 33}}, {"model": "read_statistics.readdetail", "pk": 20, "fields": {"date": "2019-04-20", "read_num": 1, "content_type": 7, "object_id": 34}}, {"model": "read_statistics.readdetail", "pk": 21, "fields": {"date": "2019-04-20", "read_num": 1, "content_type": 7, "object_id": 32}}, {"model": "read_statistics.readdetail", "pk": 22, "fields": {"date": "2019-04-20", "read_num": 1, "content_type": 7, "object_id": 31}}, {"model": "read_statistics.readdetail", "pk": 23, "fields": {"date": "2019-04-20", "read_num": 1, "content_type": 7, "object_id": 2}}, {"model": "read_statistics.readdetail", "pk": 24, "fields": {"date": "2019-04-21", "read_num": 1, "content_type": 7, "object_id": 27}}, {"model": "read_statistics.readdetail", "pk": 25, "fields": {"date": "2019-04-21", "read_num": 1, "content_type": 7, "object_id": 28}}, {"model": "read_statistics.readdetail", "pk": 26, "fields": {"date": "2019-04-21", "read_num": 1, "content_type": 7, "object_id": 26}}, {"model": "read_statistics.readdetail", "pk": 27, "fields": {"date": "2019-04-21", "read_num": 1, "content_type": 7, "object_id": 24}}, {"model": "read_statistics.readdetail", "pk": 28, "fields": {"date": "2019-04-21", "read_num": 1, "content_type": 7, "object_id": 33}}, {"model": "read_statistics.readdetail", "pk": 29, "fields": {"date": "2019-04-21", "read_num": 1, "content_type": 7, "object_id": 29}}, {"model": "read_statistics.readdetail", "pk": 30, "fields": {"date": "2019-04-21", "read_num": 1, "content_type": 7, "object_id": 25}}, {"model": "read_statistics.readdetail", "pk": 31, "fields": {"date": "2019-04-21", "read_num": 1, "content_type": 7, "object_id": 32}}, {"model": "read_statistics.readdetail", "pk": 32, "fields": {"date": "2019-04-21", "read_num": 1, "content_type": 7, "object_id": 34}}, {"model": "read_statistics.readdetail", "pk": 33, "fields": {"date": "2019-04-28", "read_num": 1, "content_type": 7, "object_id": 34}}, {"model": "read_statistics.readdetail", "pk": 34, "fields": {"date": "2019-04-28", "read_num": 1, "content_type": 7, "object_id": 32}}, {"model": "read_statistics.readdetail", "pk": 35, "fields": {"date": "2019-04-28", "read_num": 1, "content_type": 7, "object_id": 33}}, {"model": "read_statistics.readdetail", "pk": 36, "fields": {"date": "2019-04-29", "read_num": 2, "content_type": 7, "object_id": 34}}, {"model": "read_statistics.readdetail", "pk": 37, "fields": {"date": "2019-04-29", "read_num": 2, "content_type": 7, "object_id": 33}}, {"model": "read_statistics.readdetail", "pk": 38, "fields": {"date": "2019-04-29", "read_num": 1, "content_type": 7, "object_id": 23}}, {"model": "likes.likecount", "pk": 1, "fields": {"content_type": 7, "object_id": 34, "liked_num": 2}}, {"model": "likes.likecount", "pk": 2, "fields": {"content_type": 7, "object_id": 32, "liked_num": 1}}, {"model": "likes.likecount", "pk": 3, "fields": {"content_type": 7, "object_id": 33, "liked_num": 0}}, {"model": "likes.likecount", "pk": 4, "fields": {"content_type": 7, "object_id": 31, "liked_num": 0}}, {"model": "likes.likecount", "pk": 5, "fields": {"content_type": 12, "object_id": 4, "liked_num": 1}}, {"model": "likes.likecount", "pk": 6, "fields": {"content_type": 12, "object_id": 3, "liked_num": 0}}, {"model": "likes.likecount", "pk": 7, "fields": {"content_type": 12, "object_id": 2, "liked_num": 1}}, {"model": "likes.likecount", "pk": 8, "fields": {"content_type": 12, "object_id": 1, "liked_num": 1}}, {"model": "likes.likecount", "pk": 9, "fields": {"content_type": 12, "object_id": 12, "liked_num": 0}}, {"model": "likes.likecount", "pk": 10, "fields": {"content_type": 12, "object_id": 51, "liked_num": 0}}, {"model": "likes.likecount", "pk": 11, "fields": {"content_type": 12, "object_id": 30, "liked_num": 0}}, {"model": "likes.likecount", "pk": 12, "fields": {"content_type": 12, "object_id": 16, "liked_num": 0}}, {"model": "likes.likecount", "pk": 13, "fields": {"content_type": 12, "object_id": 17, "liked_num": 0}}, {"model": "likes.likecount", "pk": 14, "fields": {"content_type": 12, "object_id": 15, "liked_num": 0}}, {"model": "likes.likecount", "pk": 15, "fields": {"content_type": 12, "object_id": 18, "liked_num": 0}}, {"model": "likes.likecount", "pk": 16, "fields": {"content_type": 12, "object_id": 19, "liked_num": 0}}, {"model": "likes.likecount", "pk": 17, "fields": {"content_type": 12, "object_id": 14, "liked_num": 0}}, {"model": "likes.likecount", "pk": 18, "fields": {"content_type": 12, "object_id": 13, "liked_num": 0}}, {"model": "likes.likecount", "pk": 19, "fields": {"content_type": 12, "object_id": 10, "liked_num": 0}}, {"model": "likes.likecount", "pk": 20, "fields": {"content_type": 12, "object_id": 9, "liked_num": 0}}, {"model": "likes.likecount", "pk": 21, "fields": {"content_type": 12, "object_id": 11, "liked_num": 0}}, {"model": "likes.likecount", "pk": 22, "fields": {"content_type": 12, "object_id": 8, "liked_num": 0}}, {"model": "likes.likecount", "pk": 23, "fields": {"content_type": 12, "object_id": 7, "liked_num": 0}}, {"model": "likes.likecount", "pk": 24, "fields": {"content_type": 12, "object_id": 6, "liked_num": 0}}, {"model": "likes.likecount", "pk": 25, "fields": {"content_type": 12, "object_id": 5, "liked_num": 0}}, {"model": "likes.likecount", "pk": 26, "fields": {"content_type": 12, "object_id": 22, "liked_num": 0}}, {"model": "likes.likecount", "pk": 27, "fields": {"content_type": 12, "object_id": 35, "liked_num": 0}}, {"model": "likes.likecount", "pk": 28, "fields": {"content_type": 12, "object_id": 36, "liked_num": 0}}, {"model": "likes.likecount", "pk": 29, "fields": {"content_type": 12, "object_id": 20, "liked_num": 0}}, {"model": "likes.likecount", "pk": 30, "fields": {"content_type": 12, "object_id": 21, "liked_num": 0}}, {"model": "likes.likecount", "pk": 31, "fields": {"content_type": 12, "object_id": 34, "liked_num": 0}}, {"model": "likes.likecount", "pk": 32, "fields": {"content_type": 12, "object_id": 52, "liked_num": 0}}, {"model": "likes.likecount", "pk": 33, "fields": {"content_type": 7, "object_id": 3, "liked_num": 0}}, {"model": "likes.likecount", "pk": 34, "fields": {"content_type": 7, "object_id": 1, "liked_num": 0}}, {"model": "likes.likecount", "pk": 35, "fields": {"content_type": 12, "object_id": 53, "liked_num": 0}}, {"model": "likes.likecount", "pk": 36, "fields": {"content_type": 12, "object_id": 54, "liked_num": 0}}, {"model": "likes.likecount", "pk": 37, "fields": {"content_type": 12, "object_id": 55, "liked_num": 0}}, {"model": "likes.likecount", "pk": 38, "fields": {"content_type": 12, "object_id": 56, "liked_num": 0}}, {"model": "likes.likecount", "pk": 39, "fields": {"content_type": 12, "object_id": 57, "liked_num": 0}}, {"model": "likes.likecount", "pk": 40, "fields": {"content_type": 12, "object_id": 58, "liked_num": 0}}, {"model": "likes.likecount", "pk": 41, "fields": {"content_type": 12, "object_id": 59, "liked_num": 0}}, {"model": "likes.likecount", "pk": 42, "fields": {"content_type": 12, "object_id": 60, "liked_num": 0}}, {"model": "likes.likecount", "pk": 43, "fields": {"content_type": 12, "object_id": 61, "liked_num": 0}}, {"model": "likes.likecount", "pk": 44, "fields": {"content_type": 7, "object_id": 27, "liked_num": 0}}, {"model": "likes.likecount", "pk": 45, "fields": {"content_type": 7, "object_id": 24, "liked_num": 0}}, {"model": "likes.likecount", "pk": 46, "fields": {"content_type": 7, "object_id": 25, "liked_num": 0}}, {"model": "likes.likecount", "pk": 47, "fields": {"content_type": 7, "object_id": 23, "liked_num": 0}}, {"model": "likes.likecount", "pk": 48, "fields": {"content_type": 12, "object_id": 62, "liked_num": 0}}, {"model": "likes.likecount", "pk": 49, "fields": {"content_type": 12, "object_id": 63, "liked_num": 0}}, {"model": "auth.permission", "pk": 1, "fields": {"name": "Can add log entry", "content_type": 1, "codename": "add_logentry"}}, {"model": "auth.permission", "pk": 2, "fields": {"name": "Can change log entry", "content_type": 1, "codename": "change_logentry"}}, {"model": "auth.permission", "pk": 3, "fields": {"name": "Can delete log entry", "content_type": 1, "codename": "delete_logentry"}}, {"model": "auth.permission", "pk": 4, "fields": {"name": "Can view log entry", "content_type": 1, "codename": "view_logentry"}}, {"model": "auth.permission", "pk": 5, "fields": {"name": "Can add permission", "content_type": 2, "codename": "add_permission"}}, {"model": "auth.permission", "pk": 6, "fields": {"name": "Can change permission", "content_type": 2, "codename": "change_permission"}}, {"model": "auth.permission", "pk": 7, "fields": {"name": "Can delete permission", "content_type": 2, "codename": "delete_permission"}}, {"model": "auth.permission", "pk": 8, "fields": {"name": "Can view permission", "content_type": 2, "codename": "view_permission"}}, {"model": "auth.permission", "pk": 9, "fields": {"name": "Can add group", "content_type": 3, "codename": "add_group"}}, {"model": "auth.permission", "pk": 10, "fields": {"name": "Can change group", "content_type": 3, "codename": "change_group"}}, {"model": "auth.permission", "pk": 11, "fields": {"name": "Can delete group", "content_type": 3, "codename": "delete_group"}}, {"model": "auth.permission", "pk": 12, "fields": {"name": "Can view group", "content_type": 3, "codename": "view_group"}}, {"model": "auth.permission", "pk": 13, "fields": {"name": "Can add user", "content_type": 4, "codename": "add_user"}}, {"model": "auth.permission", "pk": 14, "fields": {"name": "Can change user", "content_type": 4, "codename": "change_user"}}, {"model": "auth.permission", "pk": 15, "fields": {"name": "Can delete user", "content_type": 4, "codename": "delete_user"}}, {"model": "auth.permission", "pk": 16, "fields": {"name": "Can view user", "content_type": 4, "codename": "view_user"}}, {"model": "auth.permission", "pk": 17, "fields": {"name": "Can add content type", "content_type": 5, "codename": "add_contenttype"}}, {"model": "auth.permission", "pk": 18, "fields": {"name": "Can change content type", "content_type": 5, "codename": "change_contenttype"}}, {"model": "auth.permission", "pk": 19, "fields": {"name": "Can delete content type", "content_type": 5, "codename": "delete_contenttype"}}, {"model": "auth.permission", "pk": 20, "fields": {"name": "Can view content type", "content_type": 5, "codename": "view_contenttype"}}, {"model": "auth.permission", "pk": 21, "fields": {"name": "Can add session", "content_type": 6, "codename": "add_session"}}, {"model": "auth.permission", "pk": 22, "fields": {"name": "Can change session", "content_type": 6, "codename": "change_session"}}, {"model": "auth.permission", "pk": 23, "fields": {"name": "Can delete session", "content_type": 6, "codename": "delete_session"}}, {"model": "auth.permission", "pk": 24, "fields": {"name": "Can view session", "content_type": 6, "codename": "view_session"}}, {"model": "auth.permission", "pk": 25, "fields": {"name": "Can add blog", "content_type": 7, "codename": "add_blog"}}, {"model": "auth.permission", "pk": 26, "fields": {"name": "Can change blog", "content_type": 7, "codename": "change_blog"}}, {"model": "auth.permission", "pk": 27, "fields": {"name": "Can delete blog", "content_type": 7, "codename": "delete_blog"}}, {"model": "auth.permission", "pk": 28, "fields": {"name": "Can view blog", "content_type": 7, "codename": "view_blog"}}, {"model": "auth.permission", "pk": 29, "fields": {"name": "Can add blog type", "content_type": 8, "codename": "add_blogtype"}}, {"model": "auth.permission", "pk": 30, "fields": {"name": "Can change blog type", "content_type": 8, "codename": "change_blogtype"}}, {"model": "auth.permission", "pk": 31, "fields": {"name": "Can delete blog type", "content_type": 8, "codename": "delete_blogtype"}}, {"model": "auth.permission", "pk": 32, "fields": {"name": "Can view blog type", "content_type": 8, "codename": "view_blogtype"}}, {"model": "auth.permission", "pk": 33, "fields": {"name": "Can add read num", "content_type": 9, "codename": "add_readnum"}}, {"model": "auth.permission", "pk": 34, "fields": {"name": "Can change read num", "content_type": 9, "codename": "change_readnum"}}, {"model": "auth.permission", "pk": 35, "fields": {"name": "Can delete read num", "content_type": 9, "codename": "delete_readnum"}}, {"model": "auth.permission", "pk": 36, "fields": {"name": "Can view read num", "content_type": 9, "codename": "view_readnum"}}, {"model": "auth.permission", "pk": 37, "fields": {"name": "Can add read num", "content_type": 10, "codename": "add_readnum"}}, {"model": "auth.permission", "pk": 38, "fields": {"name": "Can change read num", "content_type": 10, "codename": "change_readnum"}}, {"model": "auth.permission", "pk": 39, "fields": {"name": "Can delete read num", "content_type": 10, "codename": "delete_readnum"}}, {"model": "auth.permission", "pk": 40, "fields": {"name": "Can view read num", "content_type": 10, "codename": "view_readnum"}}, {"model": "auth.permission", "pk": 41, "fields": {"name": "Can add read detail", "content_type": 11, "codename": "add_readdetail"}}, {"model": "auth.permission", "pk": 42, "fields": {"name": "Can change read detail", "content_type": 11, "codename": "change_readdetail"}}, {"model": "auth.permission", "pk": 43, "fields": {"name": "Can delete read detail", "content_type": 11, "codename": "delete_readdetail"}}, {"model": "auth.permission", "pk": 44, "fields": {"name": "Can view read detail", "content_type": 11, "codename": "view_readdetail"}}, {"model": "auth.permission", "pk": 45, "fields": {"name": "Can add comment", "content_type": 12, "codename": "add_comment"}}, {"model": "auth.permission", "pk": 46, "fields": {"name": "Can change comment", "content_type": 12, "codename": "change_comment"}}, {"model": "auth.permission", "pk": 47, "fields": {"name": "Can delete comment", "content_type": 12, "codename": "delete_comment"}}, {"model": "auth.permission", "pk": 48, "fields": {"name": "Can view comment", "content_type": 12, "codename": "view_comment"}}, {"model": "auth.permission", "pk": 49, "fields": {"name": "Can add like record", "content_type": 13, "codename": "add_likerecord"}}, {"model": "auth.permission", "pk": 50, "fields": {"name": "Can change like record", "content_type": 13, "codename": "change_likerecord"}}, {"model": "auth.permission", "pk": 51, "fields": {"name": "Can delete like record", "content_type": 13, "codename": "delete_likerecord"}}, {"model": "auth.permission", "pk": 52, "fields": {"name": "Can view like record", "content_type": 13, "codename": "view_likerecord"}}, {"model": "auth.permission", "pk": 53, "fields": {"name": "Can add like count", "content_type": 14, "codename": "add_likecount"}}, {"model": "auth.permission", "pk": 54, "fields": {"name": "Can change like count", "content_type": 14, "codename": "change_likecount"}}, {"model": "auth.permission", "pk": 55, "fields": {"name": "Can delete like count", "content_type": 14, "codename": "delete_likecount"}}, {"model": "auth.permission", "pk": 56, "fields": {"name": "Can view like count", "content_type": 14, "codename": "view_likecount"}}, {"model": "auth.permission", "pk": 57, "fields": {"name": "Can add profile", "content_type": 15, "codename": "add_profile"}}, {"model": "auth.permission", "pk": 58, "fields": {"name": "Can change profile", "content_type": 15, "codename": "change_profile"}}, {"model": "auth.permission", "pk": 59, "fields": {"name": "Can delete profile", "content_type": 15, "codename": "delete_profile"}}, {"model": "auth.permission", "pk": 60, "fields": {"name": "Can view profile", "content_type": 15, "codename": "view_profile"}}, {"model": "auth.user", "pk": 1, "fields": {"password": "pbkdf2_sha256$150000$NRszNGdyZ8Ew$fuIrg4ePP417OppWKYuS3+tLBr971hF+xkqM1I1L2PY=", "last_login": "2019-04-29T06:24:00Z", "is_superuser": true, "username": "root", "first_name": "", "last_name": "", "email": "296689155@qq.com", "is_staff": true, "is_active": true, "date_joined": "2019-04-11T09:05:00Z", "groups": [], "user_permissions": []}}, {"model": "auth.user", "pk": 2, "fields": {"password": "pbkdf2_sha256$150000$6paDVC46hssP$QB4eWXfP2OLbrXou8msFokOB9SCp/GBXgpybEaNSdbo=", "last_login": "2019-04-19T08:05:24.244Z", "is_superuser": false, "username": "lzz", "first_name": "", "last_name": "", "email": "123@qq.com", "is_staff": false, "is_active": true, "date_joined": "2019-04-19T08:05:22.114Z", "groups": [], "user_permissions": []}}, {"model": "auth.user", "pk": 3, "fields": {"password": "pbkdf2_sha256$150000$XghsfujRMg2n$fOIKV446C0mPa0wcLkIuCURDuoz+pGSGxhgsgamSADM=", "last_login": "2019-04-29T03:02:15.046Z", "is_superuser": false, "username": "adas", "first_name": "", "last_name": "", "email": "lvzhaozhao1995@163.com", "is_staff": false, "is_active": true, "date_joined": "2019-04-29T01:20:14.491Z", "groups": [], "user_permissions": []}}, {"model": "blog.blog", "pk": 1, "fields": {"title": "\u7b2c\u4e00\u7bc7\u535a\u5ba2", "blog_type": 3, "content": "<h1>\u5206\u9875</h1>\r\n\r\n<p>\u4e3a\u60a8\u7684\u7f51\u7ad9\u6216\u5e94\u7528\u63d0\u4f9b\u5e26\u6709\u5c55\u793a\u9875\u7801\u7684\u5206\u9875\u7ec4\u4ef6\uff0c\u6216\u8005\u53ef\u4ee5\u4f7f\u7528\u7b80\u5355\u7684<a href=\"https://v3.bootcss.com/components/#pagination-pager\">\u7ffb\u9875\u7ec4\u4ef6</a>\u3002</p>\r\n\r\n<h2>\u9ed8\u8ba4\u5206\u9875</h2>\r\n\r\n<p>\u53d7 Rdio \u7684\u542f\u53d1\uff0c\u6211\u4eec\u63d0\u4f9b\u4e86\u8fd9\u4e2a\u7b80\u5355\u7684\u5206\u9875\u7ec4\u4ef6\uff0c\u7528\u5728\u5e94\u7528\u6216\u641c\u7d22\u7ed3\u679c\u4e2d\u8d85\u7ea7\u68d2\u3002\u7ec4\u4ef6\u4e2d\u7684\u6bcf\u4e2a\u90e8\u5206\u90fd\u5f88\u5927\uff0c\u4f18\u70b9\u662f\u5bb9\u6613\u70b9\u51fb\u3001\u6613\u7f29\u653e\u3001\u70b9\u51fb\u533a\u57df\u5927\u3002</p>", "author": 1, "created_time": "2019-04-11T10:01:59.663Z", "last_update_time": "2019-04-15T14:10:40.073Z"}}, {"model": "blog.blog", "pk": 2, "fields": {"title": "\u7b2c\u4e8c\u7bc7\u535a\u5ba2", "blog_type": 1, "content": "<h2>Django</h2>\r\n\r\n<p>\u4e3a\u60a8\u7684\u7f51\u7ad9\u6216\u5e94\u7528\u63d0\u4f9b\u5e26\u6709\u5c55\u793a\u9875\u7801\u7684\u5206\u9875\u7ec4\u4ef6\uff0c\u6216\u8005\u53ef\u4ee5\u4f7f\u7528\u7b80\u5355\u7684<a href=\"https://v3.bootcss.com/components/#pagination-pager\">\u7ffb\u9875\u7ec4\u4ef6</a>\u3002</p>\r\n\r\n<p><img alt=\"\" src=\"/media/upload/2019/04/15/301253.jpg\" style=\"height:240px\" /></p>", "author": 1, "created_time": "2019-04-11T10:02:40.741Z", "last_update_time": "2019-04-15T14:52:09.348Z"}}, {"model": "blog.blog", "pk": 3, "fields": {"title": "\u7b2c\u4e09\u7bc7\u535a\u5ba2", "blog_type": 3, "content": "\u6709\u9650\u516c\u53f8", "author": 1, "created_time": "2019-04-12T06:59:46.803Z", "last_update_time": "2019-04-12T06:59:46.803Z"}}, {"model": "blog.blog", "pk": 4, "fields": {"title": "shell\u4e0b\u7684\u7b2c\u56db\u7bc7\u535a\u5ba2", "blog_type": 1, "content": "abcefghigklmn", "author": 1, "created_time": "2019-04-13T08:22:40.961Z", "last_update_time": "2019-04-13T08:22:40.961Z"}}, {"model": "blog.blog", "pk": 5, "fields": {"title": "for 1", "blog_type": 1, "content": "xxxx: 1", "author": 1, "created_time": "2019-04-13T08:35:03.245Z", "last_update_time": "2019-04-13T08:35:03.245Z"}}, {"model": "blog.blog", "pk": 6, "fields": {"title": "for 2", "blog_type": 1, "content": "xxxx: 2", "author": 1, "created_time": "2019-04-13T08:35:03.261Z", "last_update_time": "2019-04-13T08:35:03.261Z"}}, {"model": "blog.blog", "pk": 7, "fields": {"title": "for 3", "blog_type": 1, "content": "xxxx: 3", "author": 1, "created_time": "2019-04-13T08:35:03.267Z", "last_update_time": "2019-04-13T08:35:03.267Z"}}, {"model": "blog.blog", "pk": 8, "fields": {"title": "for 4", "blog_type": 1, "content": "xxxx: 4", "author": 1, "created_time": "2019-04-13T08:35:03.282Z", "last_update_time": "2019-04-13T08:35:03.282Z"}}, {"model": "blog.blog", "pk": 9, "fields": {"title": "for 5", "blog_type": 1, "content": "xxxx: 5", "author": 1, "created_time": "2019-04-13T08:35:03.282Z", "last_update_time": "2019-04-13T08:35:03.282Z"}}, {"model": "blog.blog", "pk": 10, "fields": {"title": "for 6", "blog_type": 1, "content": "xxxx: 6", "author": 1, "created_time": "2019-04-13T08:35:03.298Z", "last_update_time": "2019-04-13T08:35:03.298Z"}}, {"model": "blog.blog", "pk": 11, "fields": {"title": "for 7", "blog_type": 1, "content": "xxxx: 7", "author": 1, "created_time": "2019-04-13T08:35:03.314Z", "last_update_time": "2019-04-13T08:35:03.314Z"}}, {"model": "blog.blog", "pk": 12, "fields": {"title": "for 8", "blog_type": 1, "content": "xxxx: 8", "author": 1, "created_time": "2019-04-13T08:35:03.314Z", "last_update_time": "2019-04-13T08:35:03.314Z"}}, {"model": "blog.blog", "pk": 13, "fields": {"title": "for 9", "blog_type": 1, "content": "xxxx: 9", "author": 1, "created_time": "2019-04-13T08:35:03.329Z", "last_update_time": "2019-04-13T08:35:03.329Z"}}, {"model": "blog.blog", "pk": 14, "fields": {"title": "for 10", "blog_type": 1, "content": "xxxx: 10", "author": 1, "created_time": "2019-04-13T08:35:03.329Z", "last_update_time": "2019-04-13T08:35:03.329Z"}}, {"model": "blog.blog", "pk": 15, "fields": {"title": "for 11", "blog_type": 1, "content": "xxxx: 11", "author": 1, "created_time": "2019-04-13T08:35:03.345Z", "last_update_time": "2019-04-13T08:35:03.345Z"}}, {"model": "blog.blog", "pk": 16, "fields": {"title": "for 12", "blog_type": 1, "content": "xxxx: 12", "author": 1, "created_time": "2019-04-13T08:35:03.360Z", "last_update_time": "2019-04-13T08:35:03.360Z"}}, {"model": "blog.blog", "pk": 17, "fields": {"title": "for 13", "blog_type": 1, "content": "xxxx: 13", "author": 1, "created_time": "2019-04-13T08:35:03.367Z", "last_update_time": "2019-04-13T08:35:03.367Z"}}, {"model": "blog.blog", "pk": 18, "fields": {"title": "for 14", "blog_type": 1, "content": "xxxx: 14", "author": 1, "created_time": "2019-04-13T08:35:03.367Z", "last_update_time": "2019-04-13T08:35:03.367Z"}}, {"model": "blog.blog", "pk": 19, "fields": {"title": "for 15", "blog_type": 1, "content": "xxxx: 15", "author": 1, "created_time": "2019-04-13T08:35:03.383Z", "last_update_time": "2019-04-13T08:35:03.383Z"}}, {"model": "blog.blog", "pk": 20, "fields": {"title": "for 16", "blog_type": 1, "content": "xxxx: 16", "author": 1, "created_time": "2019-04-13T08:35:03.383Z", "last_update_time": "2019-04-13T08:35:03.383Z"}}, {"model": "blog.blog", "pk": 21, "fields": {"title": "for 17", "blog_type": 1, "content": "xxxx: 17", "author": 1, "created_time": "2019-04-13T08:35:03.398Z", "last_update_time": "2019-04-13T08:35:03.398Z"}}, {"model": "blog.blog", "pk": 22, "fields": {"title": "for 18", "blog_type": 1, "content": "xxxx: 18", "author": 1, "created_time": "2019-04-13T08:35:03.398Z", "last_update_time": "2019-04-13T08:35:03.398Z"}}, {"model": "blog.blog", "pk": 23, "fields": {"title": "for 19", "blog_type": 1, "content": "xxxx: 19", "author": 1, "created_time": "2019-04-13T08:35:03.414Z", "last_update_time": "2019-04-13T08:35:03.414Z"}}, {"model": "blog.blog", "pk": 24, "fields": {"title": "for 20", "blog_type": 1, "content": "xxxx: 20", "author": 1, "created_time": "2019-04-13T08:35:03.429Z", "last_update_time": "2019-04-13T08:35:03.429Z"}}, {"model": "blog.blog", "pk": 25, "fields": {"title": "for 21", "blog_type": 1, "content": "xxxx: 21", "author": 1, "created_time": "2019-04-13T08:35:03.429Z", "last_update_time": "2019-04-13T08:35:03.429Z"}}, {"model": "blog.blog", "pk": 26, "fields": {"title": "for 22", "blog_type": 1, "content": "xxxx: 22", "author": 1, "created_time": "2019-04-13T08:35:03.445Z", "last_update_time": "2019-04-13T08:35:03.445Z"}}, {"model": "blog.blog", "pk": 27, "fields": {"title": "for 23", "blog_type": 1, "content": "xxxx: 23", "author": 1, "created_time": "2019-04-13T08:35:03.445Z", "last_update_time": "2019-04-13T08:35:03.445Z"}}, {"model": "blog.blog", "pk": 28, "fields": {"title": "for 24", "blog_type": 1, "content": "xxxx: 24", "author": 1, "created_time": "2019-04-13T08:35:03.461Z", "last_update_time": "2019-04-13T08:35:03.461Z"}}, {"model": "blog.blog", "pk": 29, "fields": {"title": "for 25", "blog_type": 1, "content": "xxxx: 25", "author": 1, "created_time": "2019-04-13T08:35:03.467Z", "last_update_time": "2019-04-13T08:35:03.467Z"}}, {"model": "blog.blog", "pk": 30, "fields": {"title": "for 26", "blog_type": 1, "content": "xxxx: 26", "author": 1, "created_time": "2019-04-13T08:35:03.467Z", "last_update_time": "2019-04-13T08:35:03.467Z"}}, {"model": "blog.blog", "pk": 31, "fields": {"title": "for 27", "blog_type": 1, "content": "xxxx: 27", "author": 1, "created_time": "2019-04-13T08:35:03.483Z", "last_update_time": "2019-04-17T13:17:00.632Z"}}, {"model": "blog.blog", "pk": 32, "fields": {"title": "for 28", "blog_type": 1, "content": "xxxx: 28", "author": 1, "created_time": "2019-04-13T08:35:03.499Z", "last_update_time": "2019-04-17T13:15:04.293Z"}}, {"model": "blog.blog", "pk": 33, "fields": {"title": "for 29", "blog_type": 1, "content": "xxxx: 29", "author": 1, "created_time": "2019-04-13T08:35:03.499Z", "last_update_time": "2019-04-13T08:35:03.499Z"}}, {"model": "blog.blog", "pk": 34, "fields": {"title": "for 30", "blog_type": 1, "content": "xxxx: 30", "author": 1, "created_time": "2019-04-13T08:35:03.514Z", "last_update_time": "2019-04-17T13:18:07.037Z"}}, {"model": "comment.comment", "pk": 1, "fields": {"content_type": 7, "object_id": 34, "text": "123", "comment_time": "2019-04-18T14:43:55.675Z", "user": 1, "root": null, "parent": null, "reply_to": null}}, {"model": "comment.comment", "pk": 2, "fields": {"content_type": 7, "object_id": 34, "text": "asxx", "comment_time": "2019-04-18T14:44:02.894Z", "user": 1, "root": null, "parent": null, "reply_to": null}}, {"model": "comment.comment", "pk": 3, "fields": {"content_type": 7, "object_id": 34, "text": "111", "comment_time": "2019-04-18T14:53:56.879Z", "user": 1, "root": null, "parent": null, "reply_to": null}}, {"model": "comment.comment", "pk": 4, "fields": {"content_type": 7, "object_id": 34, "text": "czxcvcvbassadf", "comment_time": "2019-04-18T14:56:42.087Z", "user": 1, "root": null, "parent": null, "reply_to": null}}, {"model": "comment.comment", "pk": 5, "fields": {"content_type": 7, "object_id": 32, "text": "123", "comment_time": "2019-04-19T05:15:33.579Z", "user": 1, "root": null, "parent": null, "reply_to": null}}, {"model": "comment.comment", "pk": 6, "fields": {"content_type": 7, "object_id": 32, "text": "<p>111</p>", "comment_time": "2019-04-19T14:41:02.048Z", "user": 1, "root": null, "parent": null, "reply_to": null}}, {"model": "comment.comment", "pk": 7, "fields": {"content_type": 7, "object_id": 32, "text": "<p>aaaaa<img alt=\"smiley\" height=\"23\" src=\"http://127.0.0.1:8000/static/ckeditor/ckeditor/plugins/smiley/images/regular_smile.png\" title=\"smiley\" width=\"23\" /></p>", "comment_time": "2019-04-19T14:41:20.185Z", "user": 1, "root": null, "parent": null, "reply_to": null}}, {"model": "comment.comment", "pk": 8, "fields": {"content_type": 7, "object_id": 32, "text": "<p>ssdasdfad</p>", "comment_time": "2019-04-19T16:13:11.130Z", "user": 1, "root": null, "parent": null, "reply_to": null}}, {"model": "comment.comment", "pk": 9, "fields": {"content_type": 7, "object_id": 32, "text": "<p>lzz</p>", "comment_time": "2019-04-19T16:21:26.202Z", "user": 1, "root": null, "parent": null, "reply_to": null}}, {"model": "comment.comment", "pk": 10, "fields": {"content_type": 7, "object_id": 32, "text": "<p>wdsf</p>", "comment_time": "2019-04-19T16:24:08.267Z", "user": 1, "root": null, "parent": null, "reply_to": null}}, {"model": "comment.comment", "pk": 11, "fields": {"content_type": 7, "object_id": 33, "text": "<p>dasdasdf</p>", "comment_time": "2019-04-19T16:26:23.311Z", "user": 1, "root": 9, "parent": 10, "reply_to": 1}}, {"model": "comment.comment", "pk": 12, "fields": {"content_type": 7, "object_id": 33, "text": "<p><img alt=\"smiley\" height=\"23\" src=\"http://127.0.0.1:8000/static/ckeditor/ckeditor/plugins/smiley/images/regular_smile.png\" title=\"smiley\" width=\"23\" /></p>", "comment_time": "2019-04-19T16:44:12.272Z", "user": 1, "root": 1, "parent": 1, "reply_to": 1}}, {"model": "comment.comment", "pk": 13, "fields": {"content_type": 7, "object_id": 32, "text": "<p><img alt=\"angry\" height=\"23\" src=\"http://127.0.0.1:8000/static/ckeditor/ckeditor/plugins/smiley/images/angry_smile.png\" title=\"angry\" width=\"23\" />\u5565\u554a\u8fbe\u82ac\u5947</p>", "comment_time": "2019-04-20T13:35:59.647Z", "user": 1, "root": null, "parent": null, "reply_to": null}}, {"model": "comment.comment", "pk": 14, "fields": {"content_type": 7, "object_id": 32, "text": "<p>\u6492\u5927\u58f0\u5730\u53d1\u9001\u5230</p>", "comment_time": "2019-04-20T13:36:42.195Z", "user": 1, "root": null, "parent": null, "reply_to": null}}, {"model": "comment.comment", "pk": 15, "fields": {"content_type": 7, "object_id": 32, "text": "<p>12334</p>", "comment_time": "2019-04-20T13:51:20.779Z", "user": 1, "root": null, "parent": null, "reply_to": null}}, {"model": "comment.comment", "pk": 16, "fields": {"content_type": 7, "object_id": 32, "text": "<p>12334</p>", "comment_time": "2019-04-20T13:57:10.593Z", "user": 1, "root": null, "parent": null, "reply_to": null}}, {"model": "comment.comment", "pk": 17, "fields": {"content_type": 7, "object_id": 32, "text": "<p>\u554a\u554a\u554a\u554a\u554a</p>", "comment_time": "2019-04-20T13:59:02.043Z", "user": 1, "root": 16, "parent": 16, "reply_to": 1}}, {"model": "comment.comment", "pk": 18, "fields": {"content_type": 7, "object_id": 32, "text": "<p>12344567</p>", "comment_time": "2019-04-20T14:44:09.461Z", "user": 1, "root": 15, "parent": 15, "reply_to": 1}}, {"model": "comment.comment", "pk": 19, "fields": {"content_type": 7, "object_id": 32, "text": "<p>X<img alt=\"cool\" height=\"23\" src=\"http://127.0.0.1:8000/static/ckeditor/ckeditor/plugins/smiley/images/shades_smile.png\" title=\"cool\" width=\"23\" /></p>", "comment_time": "2019-04-20T14:44:29.710Z", "user": 1, "root": 15, "parent": 18, "reply_to": 1}}, {"model": "comment.comment", "pk": 20, "fields": {"content_type": 7, "object_id": 33, "text": "<p>\u5207\u5207\u5207\u5207\u5207\u5207\u5207\u5207\u5207\u5207</p>", "comment_time": "2019-04-20T15:52:01.464Z", "user": 1, "root": null, "parent": null, "reply_to": null}}, {"model": "comment.comment", "pk": 21, "fields": {"content_type": 7, "object_id": 33, "text": "<p>\u963f\u6253\u7b97<img alt=\"laugh\" height=\"23\" src=\"http://127.0.0.1:8000/static/ckeditor/ckeditor/plugins/smiley/images/teeth_smile.png\" title=\"laugh\" width=\"23\" /></p>", "comment_time": "2019-04-20T16:07:31.470Z", "user": 1, "root": 20, "parent": 20, "reply_to": 1}}, {"model": "comment.comment", "pk": 22, "fields": {"content_type": 7, "object_id": 33, "text": "<p>\u554a\u554a\u554a\u554a</p>", "comment_time": "2019-04-20T16:08:12.195Z", "user": 1, "root": null, "parent": null, "reply_to": null}}, {"model": "comment.comment", "pk": 23, "fields": {"content_type": 7, "object_id": 31, "text": "<p>\u7684\u70b9\u70b9\u6ef4\u6ef4</p>", "comment_time": "2019-04-20T16:08:23.699Z", "user": 1, "root": null, "parent": null, "reply_to": null}}, {"model": "comment.comment", "pk": 24, "fields": {"content_type": 7, "object_id": 31, "text": "<p><s><u><em><strong><span style=\"background-color:#c0392b\">\u963f\u963f\u65af\u987f\u5730\u65b9\u6492\u6536\u5230</span></strong></em></u></s></p>", "comment_time": "2019-04-20T16:17:44.089Z", "user": 1, "root": 23, "parent": 23, "reply_to": 1}}, {"model": "comment.comment", "pk": 25, "fields": {"content_type": 7, "object_id": 31, "text": "<p><s><u><em><strong><span style=\"background-color:#c0392b\">\u963f\u963f\u65af\u987f\u5730\u65b9\u6492\u6536\u5230</span></strong></em></u></s></p>", "comment_time": "2019-04-20T16:17:48.902Z", "user": 1, "root": 23, "parent": 23, "reply_to": 1}}, {"model": "comment.comment", "pk": 26, "fields": {"content_type": 7, "object_id": 31, "text": "<p><s><u><em><strong><span style=\"background-color:#c0392b\">\u963f\u963f\u65af\u987f\u5730\u65b9\u6492\u6536\u5230</span></strong></em></u></s></p>", "comment_time": "2019-04-20T16:17:50.166Z", "user": 1, "root": 23, "parent": 23, "reply_to": 1}}, {"model": "comment.comment", "pk": 27, "fields": {"content_type": 7, "object_id": 31, "text": "<p>1</p>", "comment_time": "2019-04-20T16:18:05.103Z", "user": 1, "root": 23, "parent": 24, "reply_to": 1}}, {"model": "comment.comment", "pk": 28, "fields": {"content_type": 7, "object_id": 31, "text": "<p>111</p>", "comment_time": "2019-04-20T16:18:51.584Z", "user": 1, "root": null, "parent": null, "reply_to": null}}, {"model": "comment.comment", "pk": 29, "fields": {"content_type": 7, "object_id": 2, "text": "<p>1111</p>", "comment_time": "2019-04-20T16:22:15.985Z", "user": 1, "root": null, "parent": null, "reply_to": null}}, {"model": "comment.comment", "pk": 30, "fields": {"content_type": 7, "object_id": 32, "text": "<p>\u91d1\u5408\u6b22\u82b1\u5065\u5065\u5eb7\u5eb7</p>", "comment_time": "2019-04-20T16:22:36.603Z", "user": 1, "root": null, "parent": null, "reply_to": null}}, {"model": "comment.comment", "pk": 31, "fields": {"content_type": 7, "object_id": 27, "text": "<p>22222</p>", "comment_time": "2019-04-21T06:17:30.369Z", "user": 1, "root": null, "parent": null, "reply_to": null}}, {"model": "comment.comment", "pk": 32, "fields": {"content_type": 7, "object_id": 27, "text": "<p>\u4e0a\u7684</p>", "comment_time": "2019-04-21T06:18:43.352Z", "user": 1, "root": 31, "parent": 31, "reply_to": 1}}, {"model": "comment.comment", "pk": 33, "fields": {"content_type": 7, "object_id": 27, "text": "<p><img alt=\"wink\" height=\"23\" src=\"http://127.0.0.1:8000/static/ckeditor/ckeditor/plugins/smiley/images/wink_smile.png\" title=\"wink\" width=\"23\" /></p>", "comment_time": "2019-04-21T06:19:01.065Z", "user": 1, "root": 31, "parent": 32, "reply_to": 1}}, {"model": "comment.comment", "pk": 34, "fields": {"content_type": 7, "object_id": 33, "text": "<p><img alt=\"angry\" height=\"23\" src=\"http://127.0.0.1:8000/static/ckeditor/ckeditor/plugins/smiley/images/angry_smile.png\" title=\"angry\" width=\"23\" /></p>", "comment_time": "2019-04-21T06:32:17.954Z", "user": 1, "root": 20, "parent": 21, "reply_to": 1}}, {"model": "comment.comment", "pk": 35, "fields": {"content_type": 7, "object_id": 33, "text": "<p>\u5c11\u65f6\u8bf5\u8bd7\u4e66\u6240\u6240</p>", "comment_time": "2019-04-21T06:56:25.024Z", "user": 1, "root": 22, "parent": 22, "reply_to": 1}}, {"model": "comment.comment", "pk": 36, "fields": {"content_type": 7, "object_id": 33, "text": "<p><strong>\u6c34\u6c34\u6c34\u6c34\u505a</strong>\u9519</p>", "comment_time": "2019-04-21T07:13:16.588Z", "user": 1, "root": 22, "parent": 22, "reply_to": 1}}, {"model": "comment.comment", "pk": 37, "fields": {"content_type": 7, "object_id": 29, "text": "<p>\u6740\u6b7b\u5bf9\u65b9\u5c31\u6697\u793a\u6cd5\u5c31\u662f\u7684\u65b9\u6cd5</p>", "comment_time": "2019-04-21T07:48:48.148Z", "user": 1, "root": null, "parent": null, "reply_to": null}}, {"model": "comment.comment", "pk": 38, "fields": {"content_type": 7, "object_id": 29, "text": "<p>\u662f\u7684<img alt=\"sad\" height=\"23\" src=\"http://127.0.0.1:8000/static/ckeditor/ckeditor/plugins/smiley/images/sad_smile.png\" title=\"sad\" width=\"23\" /></p>", "comment_time": "2019-04-21T07:49:19.005Z", "user": 1, "root": 37, "parent": 37, "reply_to": 1}}, {"model": "comment.comment", "pk": 39, "fields": {"content_type": 7, "object_id": 29, "text": "<p>\u662f\u662f\u662f</p>", "comment_time": "2019-04-21T07:49:29.056Z", "user": 1, "root": null, "parent": null, "reply_to": null}}, {"model": "comment.comment", "pk": 40, "fields": {"content_type": 7, "object_id": 29, "text": "<p><img alt=\"devil\" height=\"23\" src=\"http://127.0.0.1:8000/static/ckeditor/ckeditor/plugins/smiley/images/devil_smile.png\" title=\"devil\" width=\"23\" /></p>", "comment_time": "2019-04-21T07:58:30.247Z", "user": 1, "root": 39, "parent": 39, "reply_to": 1}}, {"model": "comment.comment", "pk": 41, "fields": {"content_type": 7, "object_id": 24, "text": "<p><img alt=\"smiley\" height=\"23\" src=\"http://127.0.0.1:8000/static/ckeditor/ckeditor/plugins/smiley/images/regular_smile.png\" title=\"smiley\" width=\"23\" /></p>", "comment_time": "2019-04-21T08:14:29.838Z", "user": 1, "root": null, "parent": null, "reply_to": null}}, {"model": "comment.comment", "pk": 42, "fields": {"content_type": 7, "object_id": 24, "text": "<p><img alt=\"angry\" height=\"23\" src=\"http://127.0.0.1:8000/static/ckeditor/ckeditor/plugins/smiley/images/angry_smile.png\" title=\"angry\" width=\"23\" /></p>", "comment_time": "2019-04-21T08:44:25.756Z", "user": 1, "root": 41, "parent": 41, "reply_to": 1}}, {"model": "comment.comment", "pk": 43, "fields": {"content_type": 7, "object_id": 24, "text": "<p><img alt=\"devil\" height=\"23\" src=\"http://127.0.0.1:8000/static/ckeditor/ckeditor/plugins/smiley/images/devil_smile.png\" title=\"devil\" width=\"23\" /></p>", "comment_time": "2019-04-21T08:46:58.189Z", "user": 1, "root": 41, "parent": 42, "reply_to": 1}}, {"model": "comment.comment", "pk": 44, "fields": {"content_type": 7, "object_id": 24, "text": "<p><img alt=\"no\" height=\"23\" src=\"http://127.0.0.1:8000/static/ckeditor/ckeditor/plugins/smiley/images/thumbs_down.png\" title=\"no\" width=\"23\" /></p>", "comment_time": "2019-04-21T08:50:38.089Z", "user": 1, "root": 41, "parent": 43, "reply_to": 1}}, {"model": "comment.comment", "pk": 45, "fields": {"content_type": 7, "object_id": 24, "text": "<p><img alt=\"cool\" height=\"23\" src=\"http://127.0.0.1:8000/static/ckeditor/ckeditor/plugins/smiley/images/shades_smile.png\" title=\"cool\" width=\"23\" /></p>", "comment_time": "2019-04-21T08:51:17.379Z", "user": 1, "root": null, "parent": null, "reply_to": null}}, {"model": "comment.comment", "pk": 46, "fields": {"content_type": 7, "object_id": 24, "text": "<p><img alt=\"sad\" height=\"23\" src=\"http://127.0.0.1:8000/static/ckeditor/ckeditor/plugins/smiley/images/sad_smile.png\" title=\"sad\" width=\"23\" /></p>", "comment_time": "2019-04-21T08:51:41.764Z", "user": 1, "root": null, "parent": null, "reply_to": null}}, {"model": "comment.comment", "pk": 47, "fields": {"content_type": 7, "object_id": 25, "text": "<p><img alt=\"laugh\" height=\"23\" src=\"http://127.0.0.1:8000/static/ckeditor/ckeditor/plugins/smiley/images/teeth_smile.png\" title=\"laugh\" width=\"23\" /></p>", "comment_time": "2019-04-21T08:57:52.101Z", "user": 1, "root": null, "parent": null, "reply_to": null}}, {"model": "comment.comment", "pk": 48, "fields": {"content_type": 7, "object_id": 25, "text": "<p>\u5927\u6cd5\u5e08\u6253\u53d1\u65af\u8482\u82ac</p>", "comment_time": "2019-04-21T08:58:16.066Z", "user": 1, "root": 47, "parent": 47, "reply_to": 1}}, {"model": "comment.comment", "pk": 49, "fields": {"content_type": 7, "object_id": 25, "text": "<p><img alt=\"wink\" height=\"23\" src=\"http://127.0.0.1:8000/static/ckeditor/ckeditor/plugins/smiley/images/wink_smile.png\" title=\"wink\" width=\"23\" /></p>", "comment_time": "2019-04-21T08:58:32.978Z", "user": 1, "root": 47, "parent": 48, "reply_to": 1}}, {"model": "comment.comment", "pk": 50, "fields": {"content_type": 7, "object_id": 25, "text": "<p>\u548b\u6253\u7b97\u6253\u7b97</p>", "comment_time": "2019-04-21T09:00:01.292Z", "user": 1, "root": null, "parent": null, "reply_to": null}}, {"model": "comment.comment", "pk": 51, "fields": {"content_type": 7, "object_id": 34, "text": "<p>22222</p>", "comment_time": "2019-04-28T06:29:58.574Z", "user": 1, "root": 4, "parent": 4, "reply_to": 1}}, {"model": "comment.comment", "pk": 52, "fields": {"content_type": 7, "object_id": 34, "text": "<p>666</p>", "comment_time": "2019-04-28T13:28:24.887Z", "user": 1, "root": 4, "parent": 4, "reply_to": 1}}, {"model": "comment.comment", "pk": 53, "fields": {"content_type": 7, "object_id": 33, "text": "<p>\u8bc4\u8bba\u535a\u5ba2\u7684\u6d4b\u8bd5</p>", "comment_time": "2019-04-29T06:12:05.335Z", "user": 3, "root": null, "parent": null, "reply_to": null}}, {"model": "comment.comment", "pk": 54, "fields": {"content_type": 7, "object_id": 33, "text": "<p>\u554a\u8fbe\u514b\u8d5b\u5fb7</p>", "comment_time": "2019-04-29T06:14:52.109Z", "user": 3, "root": 53, "parent": 53, "reply_to": 3}}, {"model": "comment.comment", "pk": 55, "fields": {"content_type": 7, "object_id": 33, "text": "<p>\u8fd9\u662f\u4e00\u4e2a\u6d4b\u8bd5\u6587\u4ef6</p>", "comment_time": "2019-04-29T06:24:32.265Z", "user": 1, "root": null, "parent": null, "reply_to": null}}, {"model": "comment.comment", "pk": 56, "fields": {"content_type": 7, "object_id": 33, "text": "<p>\u88ab\u5317\u4eac\u9ad8\u8003</p>", "comment_time": "2019-04-29T06:25:45.335Z", "user": 1, "root": 55, "parent": 55, "reply_to": 1}}, {"model": "comment.comment", "pk": 57, "fields": {"content_type": 7, "object_id": 33, "text": "<p>\u591a\u7ebf\u7a0b\u535a\u5ba2\u8bc4\u8bba</p>", "comment_time": "2019-04-29T06:38:13.261Z", "user": 1, "root": null, "parent": null, "reply_to": null}}, {"model": "comment.comment", "pk": 58, "fields": {"content_type": 7, "object_id": 33, "text": "<p>\u591a\u7ebf\u7a0b\u535a\u5ba2\u8bc4\u8bba</p>", "comment_time": "2019-04-29T06:40:39.886Z", "user": 1, "root": null, "parent": null, "reply_to": null}}, {"model": "comment.comment", "pk": 59, "fields": {"content_type": 7, "object_id": 33, "text": "<p>\u591a\u7ebf\u7a0b\u535a\u5ba2\u8bc4\u8bba</p>", "comment_time": "2019-04-29T06:42:17.874Z", "user": 1, "root": null, "parent": null, "reply_to": null}}, {"model": "comment.comment", "pk": 60, "fields": {"content_type": 7, "object_id": 33, "text": "<p>\u81ea\u8eab\u7684\u5927\u662f\u5927\u975e</p>", "comment_time": "2019-04-29T06:42:54.256Z", "user": 1, "root": 59, "parent": 59, "reply_to": 1}}, {"model": "comment.comment", "pk": 61, "fields": {"content_type": 7, "object_id": 33, "text": "<p>\u963f\u65af\u987f\u53d1\u751f\u4e24\u5730\u5206\u5c45\u963f\u8bd7\u4e39\u987f</p>", "comment_time": "2019-04-29T07:03:10.815Z", "user": 1, "root": null, "parent": null, "reply_to": null}}, {"model": "comment.comment", "pk": 62, "fields": {"content_type": 7, "object_id": 23, "text": "<p><img alt=\"smiley\" height=\"23\" src=\"http://127.0.0.1:8000/static/ckeditor/ckeditor/plugins/smiley/images/regular_smile.png\" title=\"smiley\" width=\"23\" /></p>", "comment_time": "2019-04-29T07:07:16.016Z", "user": 1, "root": null, "parent": null, "reply_to": null}}, {"model": "comment.comment", "pk": 63, "fields": {"content_type": 7, "object_id": 23, "text": "<p>&nbsp; &nbsp;\u6536\u5230\u5206\u516c\u53f8</p>", "comment_time": "2019-04-29T07:09:17.884Z", "user": 1, "root": 62, "parent": 62, "reply_to": 1}}, {"model": "comment.comment", "pk": 64, "fields": {"content_type": 7, "object_id": 23, "text": "<p><img alt=\"smiley\" height=\"23\" src=\"http://127.0.0.1:8000/static/ckeditor/ckeditor/plugins/smiley/images/regular_smile.png\" title=\"smiley\" width=\"23\" /></p>", "comment_time": "2019-04-29T07:14:15.392Z", "user": 1, "root": 62, "parent": 63, "reply_to": 1}}, {"model": "likes.likerecord", "pk": 15, "fields": {"content_type": 7, "object_id": 32, "user": 1, "liked_time": "2019-04-28T08:23:20.385Z"}}, {"model": "likes.likerecord", "pk": 17, "fields": {"content_type": 12, "object_id": 2, "user": 1, "liked_time": "2019-04-28T13:28:15.188Z"}}, {"model": "user.profile", "pk": 1, "fields": {"user": 1, "nickname": "\u5415\u671d\u671d"}}, {"model": "admin.logentry", "pk": 1, "fields": {"action_time": "2019-04-11T09:59:19.005Z", "user": 1, "content_type": 8, "object_id": "1", "object_repr": "BlogType object (1)", "action_flag": 1, "change_message": "[{\"added\": {}}]"}}, {"model": "admin.logentry", "pk": 2, "fields": {"action_time": "2019-04-11T09:59:24.100Z", "user": 1, "content_type": 8, "object_id": "2", "object_repr": "BlogType object (2)", "action_flag": 1, "change_message": "[{\"added\": {}}]"}}, {"model": "admin.logentry", "pk": 3, "fields": {"action_time": "2019-04-11T09:59:33.224Z", "user": 1, "content_type": 8, "object_id": "3", "object_repr": "BlogType object (3)", "action_flag": 1, "change_message": "[{\"added\": {}}]"}}, {"model": "admin.logentry", "pk": 4, "fields": {"action_time": "2019-04-11T10:01:59.665Z", "user": 1, "content_type": 7, "object_id": "1", "object_repr": "<Blog: \u7b2c\u4e00\u7bc7\u535a\u5ba2>", "action_flag": 1, "change_message": "[{\"added\": {}}]"}}, {"model": "admin.logentry", "pk": 5, "fields": {"action_time": "2019-04-11T10:02:40.742Z", "user": 1, "content_type": 7, "object_id": "2", "object_repr": "<Blog: \u7b2c\u4e8c\u7bc7\u535a\u5ba2>", "action_flag": 1, "change_message": "[{\"added\": {}}]"}}, {"model": "admin.logentry", "pk": 6, "fields": {"action_time": "2019-04-12T06:59:46.807Z", "user": 1, "content_type": 7, "object_id": "3", "object_repr": "<Blog: \u7b2c\u4e09\u7bc7\u535a\u5ba2>", "action_flag": 1, "change_message": "[{\"added\": {}}]"}}, {"model": "admin.logentry", "pk": 7, "fields": {"action_time": "2019-04-15T14:05:13.057Z", "user": 1, "content_type": 7, "object_id": "1", "object_repr": "<Blog: \u7b2c\u4e00\u7bc7\u535a\u5ba2>", "action_flag": 2, "change_message": "[{\"changed\": {\"fields\": [\"content\"]}}]"}}, {"model": "admin.logentry", "pk": 8, "fields": {"action_time": "2019-04-15T14:10:40.075Z", "user": 1, "content_type": 7, "object_id": "1", "object_repr": "<Blog: \u7b2c\u4e00\u7bc7\u535a\u5ba2>", "action_flag": 2, "change_message": "[{\"changed\": {\"fields\": [\"content\"]}}]"}}, {"model": "admin.logentry", "pk": 9, "fields": {"action_time": "2019-04-15T14:52:09.350Z", "user": 1, "content_type": 7, "object_id": "2", "object_repr": "<Blog: \u7b2c\u4e8c\u7bc7\u535a\u5ba2>", "action_flag": 2, "change_message": "[{\"changed\": {\"fields\": [\"content\"]}}]"}}, {"model": "admin.logentry", "pk": 10, "fields": {"action_time": "2019-04-17T13:55:50.271Z", "user": 1, "content_type": 9, "object_id": "1", "object_repr": "ReadNum object (1)", "action_flag": 1, "change_message": "[{\"added\": {}}]"}}, {"model": "admin.logentry", "pk": 11, "fields": {"action_time": "2019-04-17T14:57:42.897Z", "user": 1, "content_type": 10, "object_id": "1", "object_repr": "ReadNum object (1)", "action_flag": 1, "change_message": "[{\"added\": {}}]"}}, {"model": "admin.logentry", "pk": 12, "fields": {"action_time": "2019-04-18T07:53:38.821Z", "user": 1, "content_type": 11, "object_id": "1", "object_repr": "ReadDetail object (1)", "action_flag": 1, "change_message": "[{\"added\": {}}]"}}, {"model": "admin.logentry", "pk": 13, "fields": {"action_time": "2019-04-18T10:53:07.918Z", "user": 1, "content_type": 11, "object_id": "12", "object_repr": "ReadDetail object (12)", "action_flag": 1, "change_message": "[{\"added\": {}}]"}}, {"model": "admin.logentry", "pk": 14, "fields": {"action_time": "2019-04-18T10:53:29.176Z", "user": 1, "content_type": 11, "object_id": "13", "object_repr": "ReadDetail object (13)", "action_flag": 1, "change_message": "[{\"added\": {}}]"}}, {"model": "admin.logentry", "pk": 15, "fields": {"action_time": "2019-04-20T09:57:56.880Z", "user": 1, "content_type": 12, "object_id": "12", "object_repr": "<p><img alt=\"smiley\" height=\"23\" src=\"http://127.0.0.1:8000/static/ckeditor/ckeditor/plugins/smiley/images/regular_smile.png\" title=\"smiley\" width=\"23\" /></p>", "action_flag": 2, "change_message": "[{\"changed\": {\"fields\": [\"parent\"]}}]"}}, {"model": "admin.logentry", "pk": 16, "fields": {"action_time": "2019-04-20T13:10:39.028Z", "user": 1, "content_type": 12, "object_id": "11", "object_repr": "<p>dasdasdf</p>", "action_flag": 2, "change_message": "[{\"changed\": {\"fields\": [\"root\", \"parent\", \"reply_to\"]}}]"}}, {"model": "admin.logentry", "pk": 17, "fields": {"action_time": "2019-04-20T15:53:41.592Z", "user": 1, "content_type": 12, "object_id": "12", "object_repr": "<p><img alt=\"smiley\" height=\"23\" src=\"http://127.0.0.1:8000/static/ckeditor/ckeditor/plugins/smiley/images/regular_smile.png\" title=\"smiley\" width=\"23\" /></p>", "action_flag": 2, "change_message": "[{\"changed\": {\"fields\": [\"root\", \"parent\", \"reply_to\"]}}]"}}, {"model": "admin.logentry", "pk": 18, "fields": {"action_time": "2019-04-28T12:03:37.182Z", "user": 1, "content_type": 15, "object_id": "1", "object_repr": "<Profile: root for root>", "action_flag": 1, "change_message": "[{\"added\": {}}]"}}, {"model": "admin.logentry", "pk": 19, "fields": {"action_time": "2019-04-29T00:52:05.895Z", "user": 1, "content_type": 4, "object_id": "1", "object_repr": "root", "action_flag": 2, "change_message": "[{\"changed\": {\"fields\": [\"email\", \"last_login\"]}}]"}}, {"model": "admin.logentry", "pk": 20, "fields": {"action_time": "2019-04-29T07:22:05.069Z", "user": 1, "content_type": 4, "object_id": "1", "object_repr": "root", "action_flag": 2, "change_message": "[{\"changed\": {\"fields\": [\"email\", \"last_login\"]}}]"}}]